#Organism Name,Organism Groups,Strain,BioSample,BioProject,Assembly,Level,Size(Mb),GC%,Replicons,WGS,Scaffolds,CDS,Release Date,GenBank FTP,RefSeq FTP
Acanthopagrus latus,Eukaryota;Animals;Fishes,XLZ-2019,SAMN15589959,PRJNA647536,GCA_020080195.1, Chromosome,733.109,42.1103,chromosome 1:CM034626.1; chromosome 2:CM034627.1; chromosome 3:CM034628.1; chromosome 4:CM034629.1; chromosome 5:CM034630.1; chromosome 6:CM034631.1; chromosome 7:CM034632.1; chromosome 8:CM034633.1; chromosome 9:CM034634.1; chromosome 10:CM034635.1; chromosome 11:CM034636.1; chromosome 12:CM034637.1; chromosome 13:CM034638.1; chromosome 14:CM034639.1; chromosome 15:CM034640.1; chromosome 16:CM034641.1; chromosome 17:CM034642.1; chromosome 18:CM034643.1; chromosome 19:CM034644.1; chromosome 20:CM034645.1; chromosome 21:CM034646.1; chromosome 22:CM034647.1; chromosome 23:CM034648.1; chromosome 24:CM034649.1,JACEGW01,288,0,2021-09-21T00:00:00Z,ftp://ftp.ncbi.nlm.nih.gov/genomes/all/GCA/020/080/195/GCA_020080195.1_ASM2008019v1,
Ammodytes dubius,Eukaryota;Animals;Fishes,LJ_2022a,SAMN29908572,PRJNA834854,GCA_026122265.1, Chromosome,748.564,41.2484,chromosome 1:CM047505.1; chromosome 2:CM047506.1; chromosome 3:CM047507.1; chromosome 4:CM047508.1; chromosome 5:CM047509.1; chromosome 6:CM047510.1; chromosome 7:CM047511.1; chromosome 8:CM047512.1; chromosome 9:CM047513.1; chromosome 10:CM047514.1; chromosome 11:CM047515.1; chromosome 12:CM047516.1; chromosome 13:CM047517.1; chromosome 14:CM047518.1; chromosome 15:CM047519.1; chromosome 16:CM047520.1; chromosome 17:CM047521.1; chromosome 18:CM047522.1; chromosome 19:CM047523.1; chromosome 20:CM047524.1; chromosome 21:CM047525.1; chromosome 22:CM047526.1; chromosome 23:CM047527.1; chromosome 24:CM047528.1,JAOPFK01,835,0,2022-11-10T00:00:00Z,,
Ammodytes marinus,Eukaryota;Animals;Fishes,,SAMEA110137622,PRJEB61584,GCA_949987685.1, Chromosome,777.836,41.1288,chromosome 1:OX465145.1; chromosome 2:OX465146.1; chromosome 3:OX465147.1; chromosome 4:OX465148.1; chromosome 5:OX465149.1; chromosome 6:OX465150.1; chromosome 7:OX465151.1; chromosome 8:OX465152.1; chromosome 9:OX465153.1; chromosome 10:OX465154.1; chromosome 11:OX465155.1; chromosome 12:OX465156.1; chromosome 13:OX465157.1; chromosome 14:OX465158.1; chromosome 15:OX465159.1; chromosome 16:OX465160.1; chromosome 17:OX465161.1; chromosome 18:OX465162.1; chromosome 19:OX465163.1; chromosome 20:OX465164.1; chromosome 21:OX465165.1; chromosome 22:OX465166.1; chromosome 23:OX465167.1; chromosome 24:OX465168.1; chromosome 25:OX465169.1; mitochondrion MT:OX465170.1,CATLJP01,617,0,2023-04-24T00:00:00Z,,
Anoplopoma fimbria,Eukaryota;Animals;Fishes,UVic2021,SAMN30324849,PRJNA947132,GCA_027596085.2, Chromosome,653.544,40.4496,chromosome 1:CM053339.1; chromosome 2:CM053340.1; chromosome 3:CM053341.1; chromosome 4:CM053342.1; chromosome 5:CM053343.1; chromosome 6:CM053344.1; chromosome 7:CM053345.1; chromosome 8:CM053346.1; chromosome 9:CM053347.1; chromosome 10:CM053348.1; chromosome 11:CM053349.1; chromosome 12:CM053350.1; chromosome 13:CM053351.1; chromosome 14:CM053352.1; chromosome 15:CM053353.1; chromosome 16:CM053354.1; chromosome 17:CM053355.1; chromosome 18:CM053356.1; chromosome 19:CM053357.1; chromosome 20:CM053358.1; chromosome 21:CM053359.1; chromosome 22:CM053360.1; chromosome 23:CM053361.1; chromosome 24:CM053362.1,JAPDVQ01,7493,0,2023-01-03T00:00:00Z,,ftp://ftp.ncbi.nlm.nih.gov/genomes/all/GCF/027/596/085/GCF_027596085.1_Afim_UVic_2022
Antennarius maculatus,Eukaryota;Animals;Fishes,fAntMac1,SAMN12623626,PRJNA561983,GCA_013358685.1, Chromosome,549.95,41.8733,chromosome 1:CM023606.1; chromosome 2:CM023607.1; chromosome 3:CM023608.1; chromosome 4:CM023609.1; chromosome 5:CM023610.1; chromosome 6:CM023611.1; chromosome 7:CM023612.1; chromosome 8:CM023613.1; chromosome 9:CM023614.1; chromosome 10:CM023615.1; chromosome 11:CM023616.1; chromosome 12:CM023617.1; chromosome 13:CM023618.1; chromosome 14:CM023619.1; chromosome 15:CM023620.1; chromosome 16:CM023621.1; chromosome 17:CM023622.1; chromosome 18:CM023623.1; chromosome 19:CM023624.1; chromosome 20:CM023625.1; chromosome 21:CM023626.1; chromosome 22:CM023627.1; chromosome 23:CM023628.1; chromosome 24:CM023629.1; mitochondrion MT:CM023630.1,JABVMC01,155,0,2020-06-12T00:00:00Z,ftp://ftp.ncbi.nlm.nih.gov/genomes/all/GCA/013/358/685/GCA_013358685.1_fAntMac1.pri,
Apeltes quadracus,Eukaryota;Animals;Fishes,Aq_Ref,SAMN20243905,PRJNA746773,GCA_021346845.1, Chromosome,428.917,44.8749,chromosome XXI:CM037914.1; chromosome XXII:CM037915.1; chromosome XXIII:CM037916.1; chromosome I:CM037917.1; chromosome II:CM037918.1; chromosome III:CM037919.1; chromosome IV:CM037920.1; chromosome V:CM037921.1; chromosome VI:CM037922.1; chromosome VII:CM037923.1; chromosome VIII:CM037924.1; chromosome IX:CM037925.1; chromosome X:CM037926.1; chromosome XI:CM037927.1; chromosome XII:CM037928.1; chromosome XIII:CM037929.1; chromosome XIV:CM037930.1; chromosome XV:CM037931.1; chromosome XVI:CM037932.1; chromosome XVII:CM037933.1; chromosome XVIII:CM037934.1; chromosome XIX:CM037935.1; chromosome XX:CM037936.1,JAHWDR01,889,0,2022-01-03T00:00:00Z,ftp://ftp.ncbi.nlm.nih.gov/genomes/all/GCA/021/346/845/GCA_021346845.1_UniBe_ApeQuad_1.0,
Argyrosomus regius,Eukaryota;Animals;Fishes,,SAMEA111379015,PRJEB56176,GCA_946959425.1, Chromosome,696.268,41.0734,chromosome 1:OX336882.1; chromosome 2:OX336883.1; chromosome 3:OX336884.1; chromosome 4:OX336885.1; chromosome 5:OX336886.1; chromosome 6:OX336887.1; chromosome 7:OX336888.1; chromosome 8:OX336889.1; chromosome 9:OX336890.1; chromosome 10:OX336891.1; chromosome 11:OX336892.1; chromosome 12:OX336893.1; chromosome 13:OX336894.1; chromosome 14:OX336895.1; chromosome 15:OX336896.1; chromosome 16:OX336897.1; chromosome 17:OX336898.1; chromosome 18:OX336899.1; chromosome 19:OX336900.1; chromosome 20:OX336901.1; chromosome 21:OX336902.1; chromosome 22:OX336903.1; chromosome 23:OX336904.1; chromosome 24:OX336905.1,CAMPSB01,874,0,2022-12-23T00:00:00Z,,
Centropristis striata,Eukaryota;Animals;Fishes,RG_2023a,SAMN31685414,PRJNA900280,GCA_030273125.1, Chromosome,926.022,38.6876,chromosome 1:CM059124.1; chromosome 2:CM059125.1; chromosome 3:CM059126.1; chromosome 4:CM059127.1; chromosome 5:CM059128.1; chromosome 6:CM059129.1; chromosome 7:CM059130.1; chromosome 8:CM059131.1; chromosome 9:CM059132.1; chromosome 10:CM059133.1; chromosome 11:CM059134.1; chromosome 12:CM059135.1; chromosome 13:CM059136.1; chromosome 14:CM059137.1; chromosome 15:CM059138.1; chromosome 16:CM059139.1; chromosome 17:CM059140.1; chromosome 18:CM059141.1; chromosome 19:CM059142.1; chromosome 20:CM059143.1; chromosome 21:CM059144.1; chromosome 22:CM059145.1; chromosome 23:CM059146.1; chromosome 24:CM059147.1,JASAOH01,92,0,2023-06-16T00:00:00Z,,
Chaenocephalus aceratus,Eukaryota;Animals;Fishes,KU_202001,SAMN08798396,PRJNA420419,GCA_023974075.1, Chromosome,1065.6,42.0859,chromosome 1:CM043785.1; chromosome 2:CM043786.1; chromosome 3:CM043787.1; chromosome 4:CM043788.1; chromosome 5:CM043789.1; chromosome 6:CM043790.1; chromosome 7:CM043791.1; chromosome 8:CM043792.1; chromosome 9:CM043793.1; chromosome 10:CM043794.1; chromosome 11:CM043795.1; chromosome 12:CM043796.1; chromosome 13:CM043797.1; chromosome 14:CM043798.1; chromosome 15:CM043799.1; chromosome 16:CM043800.1; chromosome 17:CM043801.1; chromosome 18:CM043802.1; chromosome 19:CM043803.1; chromosome 20:CM043804.1; chromosome 21:CM043805.1; chromosome 22:CM043806.1; chromosome 23:CM043807.1; chromosome 24:CM043808.1,JAMFTG01,3134,39863,2022-06-28T00:00:00Z,ftp://ftp.ncbi.nlm.nih.gov/genomes/all/GCA/023/974/075/GCA_023974075.1_KU_Ca_2.0,
Cheilinus undulatus,Eukaryota;Animals;Fishes,,SAMN14532944,PRJNA731939,GCA_018320785.1, Chromosome,1173.47,39.5358,linkage group 1:NC_054865.1/CM031339.1; linkage group 2:NC_054866.1/CM031340.1; linkage group 3:NC_054867.1/CM031341.1; linkage group 4:NC_054868.1/CM031342.1; linkage group 5:NC_054869.1/CM031343.1; linkage group 6:NC_054870.1/CM031344.1; linkage group 7:NC_054871.1/CM031345.1; linkage group 8:NC_054872.1/CM031346.1; linkage group 9:NC_054873.1/CM031347.1; linkage group 10:NC_054874.1/CM031348.1; linkage group 11:NC_054875.1/CM031349.1; linkage group 12:NC_054876.1/CM031350.1; linkage group 13:NC_054877.1/CM031351.1; linkage group 14:NC_054878.1/CM031352.1; linkage group 15:NC_054879.1/CM031353.1; linkage group 16:NC_054880.1/CM031354.1; linkage group 17:NC_054881.1/CM031355.1; linkage group 18:NC_054882.1/CM031356.1; linkage group 19:NC_054883.1/CM031357.1; linkage group 20:NC_054884.1/CM031358.1; linkage group 21:NC_054885.1/CM031359.1; linkage group 22:NC_054886.1/CM031360.1; linkage group 23:NC_054887.1/CM031361.1; linkage group 24:NC_054888.1/CM031362.1; mitochondrion MT:NC_013842.1/,JAGUQY01,46,40002,2021-05-10T00:00:00Z,ftp://ftp.ncbi.nlm.nih.gov/genomes/all/GCA/018/320/785/GCA_018320785.1_ASM1832078v1,ftp://ftp.ncbi.nlm.nih.gov/genomes/all/GCF/018/320/785/GCF_018320785.1_ASM1832078v1
Chelmon rostratus,Eukaryota;Animals;Fishes,fCheRos1,SAMN12623620,PRJNA734320,GCA_017976325.1, Chromosome,644.208,42.569,chromosome 1:NC_055658.1/CM030613.1; chromosome 2:NC_055659.1/CM030614.1; chromosome 3:NC_055660.1/CM030615.1; chromosome 4:NC_055661.1/CM030616.1; chromosome 5:NC_055662.1/CM030617.1; chromosome 6:NC_055663.1/CM030618.1; chromosome 7:NC_055664.1/CM030619.1; chromosome 8:NC_055665.1/CM030620.1; chromosome 9:NC_055666.1/CM030621.1; chromosome 10:NC_055667.1/CM030622.1; chromosome 11:NC_055668.1/CM030623.1; chromosome 12:NC_055669.1/CM030624.1; chromosome 13:NC_055670.1/CM030625.1; chromosome 14:NC_055671.1/CM030626.1; chromosome 15:NC_055672.1/CM030627.1; chromosome 16:NC_055673.1/CM030628.1; chromosome 17:NC_055674.1/CM030629.1; chromosome 18:NC_055675.1/CM030630.1; chromosome 19:NC_055676.1/CM030631.1; chromosome 20:NC_055677.1/CM030632.1; chromosome 21:NC_055678.1/CM030633.1; chromosome 22:NC_055679.1/CM030634.1; chromosome 23:NC_055680.1/CM030635.1; chromosome 24:NC_055681.1/CM030636.1; mitochondrion MT:NC_025953.1/CM030678.1,JAGIYV01,29,33912,2021-04-15T00:00:00Z,ftp://ftp.ncbi.nlm.nih.gov/genomes/all/GCA/017/976/325/GCA_017976325.1_fCheRos1.pri,ftp://ftp.ncbi.nlm.nih.gov/genomes/all/GCF/017/976/325/GCF_017976325.1_fCheRos1.pri
Collichthys lucidus,Eukaryota;Animals;Fishes,JT15FE1705JMU,SAMN10225518,PRJNA495441,GCA_004119915.2, Chromosome,877.615,41.8051,chromosome 1:CM014078.1; chromosome 2:CM014079.1; chromosome 3:CM014080.1; chromosome 4:CM014081.1; chromosome 5:CM014082.1; chromosome 6:CM014083.1; chromosome 7:CM014084.1; chromosome 8:CM014085.1; chromosome 9:CM014086.1; chromosome 10:CM014087.1; chromosome 11:CM014088.1; chromosome 12:CM014089.1; chromosome 13:CM014090.1; chromosome 14:CM014091.1; chromosome 15:CM014092.1; chromosome 16:CM014093.1; chromosome 17:CM014094.1; chromosome 18:CM014095.1; chromosome 19:CM014096.1; chromosome 20:CM014097.1; chromosome 21:CM014098.1; chromosome 22:CM014099.1; chromosome 23:CM014100.1; chromosome 24:CM014101.1,SCMI01,854,28508,2019-01-29T00:00:00Z,,
Coreoperca whiteheadi,Eukaryota;Animals;Fishes,CM1A,SAMN13269090,PRJNA513951,GCA_011952105.1, Chromosome,712.451,42.1061,linkage group LG1:CM022470.1; linkage group LG2:CM022471.1; linkage group LG3:CM022472.1; linkage group LG4:CM022473.1; linkage group LG5:CM022474.1; linkage group LG6:CM022475.1; linkage group LG7:CM022476.1; linkage group LG8:CM022477.1; linkage group LG9:CM022478.1; linkage group LG10:CM022479.1; linkage group LG11:CM022480.1; linkage group LG12:CM022481.1; linkage group LG13:CM022482.1; linkage group LG14:CM022483.1; linkage group LG15:CM022484.1; linkage group LG16:CM022485.1; linkage group LG17:CM022486.1; linkage group LG18:CM022487.1; linkage group LG19:CM022488.1; linkage group LG20:CM022489.1; linkage group LG21:CM022490.1; linkage group LG22:CM022491.1; linkage group LG23:CM022492.1; linkage group LG24:CM022493.1,WNGW01,2611,0,2020-04-03T00:00:00Z,ftp://ftp.ncbi.nlm.nih.gov/genomes/all/GCA/011/952/105/GCA_011952105.1_corWhi6b,
Cottoperca gobio,Eukaryota;Animals;Fishes,,SAMEA104242975,PRJEB30248,GCA_900634415.1, Chromosome,609.392,40.9976,chromosome 1:NC_041355.1/LR131916.1; chromosome 2:NC_041356.1/LR131927.1; chromosome 3:NC_041357.1/LR131933.1; chromosome 4:NC_041358.1/LR131934.1; chromosome 5:NC_041359.1/LR131935.1; chromosome 6:NC_041360.1/LR131936.1; chromosome 7:NC_041361.1/LR131937.1; chromosome 8:NC_041362.1/LR131938.1; chromosome 9:NC_041363.1/LR131939.1; chromosome 10:NC_041364.1/LR131917.1; chromosome 11:NC_041365.1/LR131918.1; chromosome 12:NC_041366.1/LR131919.1; chromosome 13:NC_041367.1/LR131920.1; chromosome 14:NC_041368.1/LR131921.1; chromosome 15:NC_041369.1/LR131922.1; chromosome 16:NC_041370.1/LR131923.1; chromosome 17:NC_041371.1/LR131924.1; chromosome 18:NC_041372.1/LR131925.1; chromosome 19:NC_041373.1/LR131926.1; chromosome 20:NC_041374.1/LR131928.1; chromosome 21:NC_041375.1/LR131929.1; chromosome 22:NC_041376.1/LR131930.1; chromosome 23:NC_041377.1/LR131931.1; chromosome 24:NC_041378.1/LR131932.1,CAAAFJ01,322,37849,2018-12-15T00:00:00Z,ftp://ftp.ncbi.nlm.nih.gov/genomes/all/GCA/900/634/415/GCA_900634415.1_fCotGob3.1,ftp://ftp.ncbi.nlm.nih.gov/genomes/all/GCF/900/634/415/GCF_900634415.1_fCotGob3.1
Cottus gobio,Eukaryota;Animals;Fishes,DD20220225a,SAMN26292693,PRJNA810948,GCA_023566465.1, Chromosome,645.607,43.4038,chromosome 1:CM042215.1; chromosome 2:CM042216.1; chromosome 3:CM042217.1; chromosome 4:CM042218.1; chromosome 5:CM042219.1; chromosome 6:CM042220.1; chromosome 7:CM042221.1; chromosome 8:CM042222.1; chromosome 9:CM042223.1; chromosome 10:CM042224.1; chromosome 11:CM042225.1; chromosome 12:CM042226.1; chromosome 13:CM042227.1; chromosome 14:CM042228.1; chromosome 15:CM042229.1; chromosome 16:CM042230.1; chromosome 17:CM042231.1; chromosome 18:CM042232.1; chromosome 19:CM042233.1; chromosome 20:CM042234.1; chromosome 21:CM042235.1; chromosome 22:CM042236.1; chromosome 23:CM042237.1; chromosome 24:CM042238.1,JALIGO01,161,0,2022-05-27T00:00:00Z,ftp://ftp.ncbi.nlm.nih.gov/genomes/all/GCA/023/566/465/GCA_023566465.1_ASM2356646v1,
Cromileptes altivelis,Eukaryota;Animals;Fishes,ca_2020,SAMN18593460,PRJNA719261,GCA_019925165.1, Chromosome,1083.01,41.266,chromosome 1:CM034363.1; chromosome 2:CM034364.1; chromosome 3:CM034365.1; chromosome 4:CM034366.1; chromosome 5:CM034367.1; chromosome 6:CM034368.1; chromosome 7:CM034369.1; chromosome 8:CM034370.1; chromosome 9:CM034371.1; chromosome 10:CM034372.1; chromosome 11:CM034373.1; chromosome 12:CM034374.1; chromosome 13:CM034375.1; chromosome 14:CM034376.1; chromosome 15:CM034377.1; chromosome 16:CM034378.1; chromosome 17:CM034379.1; chromosome 18:CM034380.1; chromosome 19:CM034381.1; chromosome 20:CM034382.1; chromosome 21:CM034383.1; chromosome 22:CM034384.1; chromosome 23:CM034385.1; chromosome 24:CM034386.1,JAHVCJ01,306,0,2021-09-10T00:00:00Z,ftp://ftp.ncbi.nlm.nih.gov/genomes/all/GCA/019/925/165/GCA_019925165.1_OUC_Cal_1.0,
Cyclopterus lumpus,Eukaryota;Animals;Fishes,fCycLum1,SAMN12629502,PRJNA625538,GCA_009769545.1, Chromosome,572.886,42.9507,chromosome 1:NC_046966.1/CM020114.1; chromosome 2:NC_046967.1/CM020115.1; chromosome 3:NC_046968.1/CM020116.1; chromosome 4:NC_046969.1/CM020117.1; chromosome 5:NC_046970.1/CM020118.1; chromosome 6:NC_046971.1/CM020119.1; chromosome 7:NC_046972.1/CM020120.1; chromosome 8:NC_046973.1/CM020121.1; chromosome 9:NC_046974.1/CM020122.1; chromosome 10:NC_046975.1/CM020123.1; chromosome 11:NC_046976.1/CM020124.1; chromosome 12:NC_046977.1/CM020125.1; chromosome 13:NC_046978.1/CM020126.1; chromosome 14:NC_046979.1/CM020127.1; chromosome 15:NC_046980.1/CM020128.1; chromosome 16:NC_046981.1/CM020129.1; chromosome 17:NC_046982.1/CM020130.1; chromosome 18:NC_046983.1/CM020131.1; chromosome 19:NC_046984.1/CM020132.1; chromosome 20:NC_046985.1/CM020133.1; chromosome 21:NC_046986.1/CM020134.1; chromosome 22:NC_046987.1/CM020135.1; chromosome 23:NC_046988.1/CM020136.1; chromosome 24:NC_046989.1/CM020137.1; chromosome 25:NC_046990.1/CM020138.1; mitochondrion MT:CM020140.1,WNNC01,48,38625,2019-12-19T00:00:00Z,,ftp://ftp.ncbi.nlm.nih.gov/genomes/all/GCF/009/769/545/GCF_009769545.1_fCycLum1.pri
Epinephelus cyanopodus,Eukaryota;Animals;Fishes,XC_2022a,SAMN28817802,PRJNA844481,GCA_026686955.1, Chromosome,998.822,41.2326,linkage group LG1:CM048914.1; linkage group LG2:CM048915.1; linkage group LG3:CM048916.1; linkage group LG4:CM048917.1; linkage group LG5:CM048918.1; linkage group LG6:CM048919.1; linkage group LG7:CM048920.1; linkage group LG8:CM048921.1; linkage group LG9:CM048922.1; linkage group LG10:CM048923.1; linkage group LG11:CM048924.1; linkage group LG12:CM048925.1; linkage group LG13:CM048926.1; linkage group LG14:CM048927.1; linkage group LG15:CM048928.1; linkage group LG16:CM048929.1; linkage group LG17:CM048930.1; linkage group LG18:CM048931.1; linkage group LG19:CM048932.1; linkage group LG20:CM048933.1; linkage group LG21:CM048934.1; linkage group LG22:CM048935.1; linkage group LG23:CM048936.1; linkage group LG24:CM048937.1,JAMWDX01,106,0,2022-12-06T00:00:00Z,,
Epinephelus lanceolatus,Eukaryota;Animals;Fishes,Hainan-2019-5,SAMN17126497,PRJNA686844,GCA_017165655.1, Chromosome,1064.07,41.3108,linkage group LG01:CM029567.1; linkage group LG02:CM029568.1; linkage group LG03:CM029569.1; linkage group LG04:CM029570.1; linkage group LG05:CM029571.1; linkage group LG06:CM029572.1; linkage group LG07:CM029573.1; linkage group LG08:CM029574.1; linkage group LG09:CM029575.1; linkage group LG10:CM029576.1; linkage group LG11:CM029577.1; linkage group LG12:CM029578.1; linkage group LG13:CM029579.1; linkage group LG14:CM029580.1; linkage group LG15:CM029581.1; linkage group LG16:CM029582.1; linkage group LG17:CM029583.1; linkage group LG18:CM029584.1; linkage group LG19:CM029585.1; linkage group LG20:CM029586.1; linkage group LG21:CM029587.1; linkage group LG22:CM029588.1; linkage group LG23:CM029589.1; linkage group LG24:CM029590.1,JAERIG01,69,0,2021-03-04T00:00:00Z,ftp://ftp.ncbi.nlm.nih.gov/genomes/all/GCA/017/165/655/GCA_017165655.1_SYSU_Elan_1.1,
Epinephelus moara,Eukaryota;Animals;Fishes,mb,SAMN11657372,PRJNA868339,GCA_006386435.1, Chromosome,1030.48,41.5854,chromosome 1:NC_065506.1/CM016901.1; chromosome 2:NC_065507.1/CM016902.1; chromosome 3:NC_065508.1/CM016903.1; chromosome 4:NC_065509.1/CM016904.1; chromosome 5:NC_065510.1/CM016905.1; chromosome 6:NC_065511.1/CM016906.1; chromosome 7:NC_065512.1/CM016907.1; chromosome 8:NC_065513.1/CM016908.1; chromosome 9:NC_065514.1/CM016909.1; chromosome 10:NC_065515.1/CM016910.1; chromosome 11:NC_065516.1/CM016911.1; chromosome 12:NC_065517.1/CM016912.1; chromosome 13:NC_065518.1/CM016913.1; chromosome 14:NC_065519.1/CM016914.1; chromosome 15:NC_065520.1/CM016915.1; chromosome 16:NC_065521.1/CM016916.1; chromosome 17:NC_065522.1/CM016917.1; chromosome 18:NC_065523.1/CM016918.1; chromosome 19:NC_065524.1/CM016919.1; chromosome 20:NC_065525.1/CM016920.1; chromosome 21:NC_065526.1/CM016921.1; chromosome 22:NC_065527.1/CM016922.1; chromosome 23:NC_065528.1/CM016923.1; chromosome 24:NC_065529.1/CM016924.1; mitochondrion MT:NC_017891.1/,VBVV01,4563,42851,2019-06-24T00:00:00Z,,ftp://ftp.ncbi.nlm.nih.gov/genomes/all/GCF/006/386/435/GCF_006386435.1_YSFRI_EMoa_1.0
Etheostoma cragini,Eukaryota;Animals;Fishes,CJK2018,SAMN14351042,PRJNA635957,GCA_013103735.1, Chromosome,643.079,40.5642,chromosome 1:NC_048407.1/CM023106.1; chromosome 2:NC_048408.1/CM023107.1; chromosome 3:NC_048409.1/CM023108.1; chromosome 4:NC_048410.1/CM023109.1; chromosome 5:NC_048411.1/CM023110.1; chromosome 6:NC_048412.1/CM023111.1; chromosome 7:NC_048413.1/CM023112.1; chromosome 8:NC_048414.1/CM023113.1; chromosome 9:NC_048415.1/CM023114.1; chromosome 10:NC_048416.1/CM023115.1; chromosome 11:NC_048417.1/CM023116.1; chromosome 12:NC_048418.1/CM023117.1; chromosome 13:NC_048419.1/CM023118.1; chromosome 14:NC_048420.1/CM023119.1; chromosome 15:NC_048421.1/CM023120.1; chromosome 16:NC_048422.1/CM023121.1; chromosome 17:NC_048423.1/CM023122.1; chromosome 18:NC_048424.1/CM023123.1; chromosome 19:NC_048425.1/CM023124.1; chromosome 20:NC_048426.1/CM023125.1; chromosome 21:NC_048427.1/CM023126.1; chromosome 22:NC_048428.1/CM023127.1; chromosome 23:NC_048429.1/CM023128.1; chromosome 24:NC_048430.1/CM023129.1,JAAVJE01,4664,45178,2020-05-15T00:00:00Z,ftp://ftp.ncbi.nlm.nih.gov/genomes/all/GCA/013/103/735/GCA_013103735.1_CSU_Ecrag_1.0,ftp://ftp.ncbi.nlm.nih.gov/genomes/all/GCF/013/103/735/GCF_013103735.1_CSU_Ecrag_1.0
Etheostoma nigrum,Eukaryota;Animals;Fishes,DJM-23,SAMN31488169,PRJNA895006,GCA_029931835.1, Chromosome,764.018,40.6049,chromosome 1:CM057237.1; chromosome 2:CM057238.1; chromosome 3:CM057239.1; chromosome 4:CM057240.1; chromosome 5:CM057241.1; chromosome 6:CM057242.1; chromosome 7:CM057243.1; chromosome 8:CM057244.1; chromosome 9:CM057245.1; chromosome 10:CM057246.1; chromosome 11:CM057247.1; chromosome 12:CM057248.1; chromosome 13:CM057249.1; chromosome 14:CM057250.1; chromosome 15:CM057251.1; chromosome 16:CM057252.1; chromosome 17:CM057253.1; chromosome 18:CM057254.1; chromosome 19:CM057255.1; chromosome 20:CM057256.1; chromosome 21:CM057257.1; chromosome 22:CM057258.1; chromosome 23:CM057259.1; chromosome 24:CM057260.1; mitochondrion MT:CM057282.1,JAQOOF01,3560,0,2023-05-03T00:00:00Z,,
Etheostoma spectabile,Eukaryota;Animals;Fishes,EspeVRDwgs_2016,SAMN12373147,PRJNA606051,GCA_008692095.1, Chromosome,854.807,40.9467,chromosome 1:NC_045733.1/CM018435.1; chromosome 2:NC_045734.1/CM018436.1; chromosome 3:NC_045735.1/CM018437.1; chromosome 4:NC_045736.1/CM018438.1; chromosome 5:NC_045737.1/CM018439.1; chromosome 6:NC_045738.1/CM018440.1; chromosome 7:NC_045739.1/CM018441.1; chromosome 8:NC_045740.1/CM018442.1; chromosome 9:NC_045741.1/CM018443.1; chromosome 10:NC_045742.1/CM018444.1; chromosome 11:NC_045743.1/CM018445.1; chromosome 12:NC_045744.1/CM018446.1; chromosome 13:NC_045745.1/CM018447.1; chromosome 14:NC_045746.1/CM018448.1; chromosome 15:NC_045747.1/CM018449.1; chromosome 16:NC_045748.1/CM018450.1; chromosome 17:NC_045749.1/CM018451.1; chromosome 18:NC_045750.1/CM018452.1; chromosome 19:NC_045751.1/CM018453.1; chromosome 20:NC_045752.1/CM018454.1; chromosome 21:NC_045753.1/CM018455.1; chromosome 22:NC_045754.1/CM018456.1; chromosome 23:NC_045755.1/CM018457.1; chromosome 24:NC_045756.1/CM018458.1; mitochondrion MT:NC_042203.1/,VOFY01,3119,45686,2019-09-24T00:00:00Z,,ftp://ftp.ncbi.nlm.nih.gov/genomes/all/GCF/008/692/095/GCF_008692095.1_UIUC_Espe_1.0
Gasterosteus aculeatus aculeatus,Eukaryota;Animals;Fishes,Lake Benthic,SAMN15223905,PRJNA707557,GCA_016920845.1, Chromosome,471.894,44.6947,chromosome 1:NC_053212.1/CM029282.1; chromosome 2:NC_053213.1/CM029283.1; chromosome 3:NC_053214.1/CM029284.1; chromosome 4:NC_053215.1/CM029285.1; chromosome 5:NC_053216.1/CM029286.1; chromosome 6:NC_053217.1/CM029287.1; chromosome 7:NC_053218.1/CM029288.1; chromosome 8:NC_053219.1/CM029289.1; chromosome 9:NC_053220.1/CM029290.1; chromosome 10:NC_053221.1/CM029291.1; chromosome 11:NC_053222.1/CM029292.1; chromosome Y:NC_053233.1/CM029297.1; chromosome 12:NC_053223.1/CM029293.1; chromosome 13:NC_053224.1/CM029294.1; chromosome 14:NC_053225.1/CM029295.1; chromosome 15:NC_053226.1/CM029296.1; chromosome 16:NC_053227.1/CM029298.1; chromosome 17:NC_053228.1/CM029299.1; chromosome 18:NC_053229.1/CM029300.1; chromosome 19:NC_053230.1/CM029301.1; chromosome 20:NC_053231.1/CM029302.1; chromosome 21:NC_053232.1/CM029303.1; mitochondrion MT:NC_041244.1/,JACDQR01,2937,45395,2021-02-23T00:00:00Z,ftp://ftp.ncbi.nlm.nih.gov/genomes/all/GCA/016/920/845/GCA_016920845.1_GAculeatus_UGA_version5,ftp://ftp.ncbi.nlm.nih.gov/genomes/all/GCF/016/920/845/GCF_016920845.1_GAculeatus_UGA_version5
Gasterosteus nipponicus,Eukaryota;Animals;Fishes,,SAMD00226355,PRJDB9841,GCA_014132575.2, Chromosome,599.537,34.0832,chromosome 1:BMAF01000004.1; chromosome 2:BMAF01000005.1; chromosome 3:BMAF01000015.1; chromosome 4:BMAF01000002.1; chromosome 5:BMAF01000020.1; chromosome 6:BMAF01000012.1; chromosome 7:BMAF01000003.1; chromosome 8:BMAF01000008.1; chromosome 10:BMAF01000016.1; chromosome 11:BMAF01000014.1; chromosome 12:BMAF01000007.1; chromosome 13:BMAF01000006.1; chromosome 14:BMAF01000018.1; chromosome 15:BMAF01000013.1; chromosome 16:BMAF01000010.1; chromosome 17:BMAF01000011.1; chromosome 18:BMAF01000019.1; chromosome 19_9:BMAF01000001.1; chromosome 20:BMAF01000009.1; chromosome 21:BMAF01000017.1,BMAF01,3095,0,2020-07-29T00:00:00Z,ftp://ftp.ncbi.nlm.nih.gov/genomes/all/GCA/014/132/575/GCA_014132575.2_Gnip_1.0,
Gymnocephalus cernua,Eukaryota;Animals;Fishes,DD20220225b,SAMN26292694,PRJNA810950,GCA_023631565.1, Chromosome,904.342,41.2644,chromosome 1:CM042425.1; chromosome 2:CM042426.1; chromosome 3:CM042427.1; chromosome 4:CM042428.1; chromosome 5:CM042429.1; chromosome 6:CM042430.1; chromosome 7:CM042431.1; chromosome 8:CM042432.1; chromosome 9:CM042433.1; chromosome 10:CM042434.1; chromosome 11:CM042435.1; chromosome 12:CM042436.1; chromosome 13:CM042437.1; chromosome 14:CM042438.1; chromosome 15:CM042439.1; chromosome 16:CM042440.1; chromosome 17:CM042441.1; chromosome 18:CM042442.1; chromosome 19:CM042443.1; chromosome 20:CM042444.1; chromosome 21:CM042445.1; chromosome 22:CM042446.1; chromosome 23:CM042447.1; chromosome 24:CM042448.1,JALJEH01,156,0,2022-06-01T00:00:00Z,ftp://ftp.ncbi.nlm.nih.gov/genomes/all/GCA/023/631/565/GCA_023631565.1_fGymCer.pri,
Hyperoplus immaculatus,Eukaryota;Animals;Fishes,,SAMEA13854416,PRJEB60328,GCA_949357725.1, Chromosome,797.804,41.1009,chromosome 1:OX442349.1; chromosome 2:OX442350.1; chromosome 3:OX442351.1; chromosome 4:OX442352.1; chromosome 5:OX442353.1; chromosome 6:OX442354.1; chromosome 7:OX442355.1; chromosome 8:OX442356.1; chromosome 9:OX442357.1; chromosome 10:OX442358.1; chromosome 11:OX442359.1; chromosome 12:OX442360.1; chromosome 13:OX442361.1; chromosome 14:OX442362.1; chromosome 15:OX442363.1; chromosome 16:OX442364.1; chromosome 17:OX442365.1; chromosome 18:OX442366.1; chromosome 19:OX442367.1; chromosome 20:OX442368.1; chromosome 21:OX442369.1; chromosome 22:OX442370.1; chromosome 23:OX442371.1; chromosome 24:OX442372.1; mitochondrion MT:OX442373.1,CASHTC01,1568,0,2023-03-02T00:00:00Z,,
Hyperoplus lanceolatus,Eukaryota;Animals;Fishes,Hlan001,SAMN28099308,PRJNA835307,GCA_026929865.2, Chromosome,808.504,41.2036,chromosome 1:CM049395.1; chromosome 2:CM049396.1; chromosome 3:CM049397.1; chromosome 4:CM049398.1; chromosome 5:CM049399.1; chromosome 6:CM049400.1; chromosome 7:CM049401.1; chromosome 8:CM049402.1; chromosome 9:CM049403.1; chromosome 10:CM049404.1; chromosome 11:CM049405.1; chromosome 12:CM049406.2; chromosome 13:CM049407.1; chromosome 14:CM049408.1; chromosome 15:CM049409.1; chromosome 16:CM049410.1; chromosome 17:CM049411.1; chromosome 18:CM049412.1; chromosome 19:CM049413.1; chromosome 20:CM049414.1; chromosome 21:CM049415.1; chromosome 22:CM049416.1; chromosome 23:CM049417.1; chromosome 24:CM049418.1; mitochondrion MT:CM049441.1,JAMBYZ02,965,0,2022-12-16T00:00:00Z,,
Karalla daura,Eukaryota;Animals;Fishes,0825001-ji,SAMN30637475,PRJNA876083,GCA_029224185.1, Chromosome,632.468,46.1887,chromosome 1:CM055188.1; chromosome 2:CM055189.1; chromosome 3:CM055190.1; chromosome 4:CM055191.1; chromosome 5:CM055192.1; chromosome 6:CM055193.1; chromosome 7:CM055194.1; chromosome 8:CM055195.1; chromosome 9:CM055196.1; chromosome 10:CM055197.1; chromosome 11:CM055198.1; chromosome 12:CM055199.1; chromosome 13:CM055200.1; chromosome 14:CM055201.1; chromosome 15:CM055202.1; chromosome 16:CM055203.1; chromosome 17:CM055204.1; chromosome 18:CM055205.1; chromosome 19:CM055206.1; chromosome 20:CM055207.1; chromosome 21:CM055208.1; chromosome 22:CM055209.1; chromosome 23:CM055210.1; chromosome 24:CM055211.1,JANZKI01,255,0,2023-03-16T00:00:00Z,,
Larimichthys crocea,Eukaryota;Animals;Fishes,DH2-L1,SAMN09701101,PRJNA480121,GCA_004352675.2, Chromosome,744.101,41.474,chromosome I:CM014880.1; chromosome II:CM014881.1; chromosome III:CM014882.1; chromosome IV:CM014883.1; chromosome V:CM014884.1; chromosome VI:CM014885.1; chromosome VII:CM014886.1; chromosome VIII:CM014887.1; chromosome IX:CM014888.1; chromosome X:CM014889.1; chromosome XI:CM014890.1; chromosome XII:CM014891.1; chromosome XIII:CM014892.1; chromosome XIV:CM014893.1; chromosome XV:CM014894.1; chromosome XVI:CM014895.1; chromosome XVII:CM014896.1; chromosome XVIII:CM014897.1; chromosome XIX:CM014898.1; chromosome XX:CM014899.1; chromosome XXI:CM014900.1; chromosome XXII:CM014901.1; chromosome XXIII:CM014902.1; chromosome XXIV:CM014903.1,RZIP01,2564,0,2019-01-30T00:00:00Z,,
Lateolabrax maculatus,Eukaryota;Animals;Fishes,,SAMN07680090,PRJNA408177,GCA_004023545.1, Chromosome,519.239,41.0772,chromosome Lm1:CP027262.1; chromosome Lm2:CP027263.1; chromosome Lm3:CP027264.1; chromosome Lm4:CP027265.1; chromosome Lm5:CP027266.1; chromosome Lm6:CP027267.1; chromosome Lm7:CP027268.1; chromosome Lm8:CP027269.1; chromosome Lm9:CP027270.1; chromosome Lm10:CP027271.1; chromosome Lm11:CP027272.1; chromosome Lm12:CP027273.1; chromosome Lm13:CP027274.1; chromosome Lm14:CP027275.1; chromosome Lm15:CP027276.1; chromosome Lm16:CP027277.1; chromosome Lm17:CP027278.1; chromosome Lm18:CP027279.1; chromosome Lm19:CP027280.1; chromosome Lm20:CP027281.1; chromosome Lm21:CP027282.1; chromosome Lm22:CP027283.1; chromosome Lm23:CP027284.1; chromosome Lm24:CP027285.1,,24,0,2019-01-15T00:00:00Z,,
Lutjanus erythropterus,Eukaryota;Animals;Fishes,Sam1_Nov2020,SAMN16091799,PRJNA662638,GCA_020091685.1, Chromosome,969.886,39.6428,chromosome 1:CM034591.1; chromosome 2:CM034592.1; chromosome 3:CM034593.1; chromosome 4:CM034594.1; chromosome 5:CM034595.1; chromosome 6:CM034596.1; chromosome 7:CM034597.1; chromosome 8:CM034598.1; chromosome 9:CM034599.1; chromosome 10:CM034600.1; chromosome 11:CM034601.1; chromosome 12:CM034602.1; chromosome 13:CM034603.1; chromosome 14:CM034604.1; chromosome 15:CM034605.1; chromosome 16:CM034606.1; chromosome 17:CM034607.1; chromosome 18:CM034608.1; chromosome 19:CM034609.1; chromosome 20:CM034610.1; chromosome 21:CM034611.1; chromosome 22:CM034612.1; chromosome 23:CM034613.1; chromosome 24:CM034614.1,JADIXO01,10853,0,2021-09-22T00:00:00Z,ftp://ftp.ncbi.nlm.nih.gov/genomes/all/GCA/020/091/685/GCA_020091685.1_ASM2009168v1,
Lycodopsis pacificus,Eukaryota;Animals;Fishes,fLycPai1,SAMN32629383,PRJNA921714,GCA_028022725.1, Chromosome,646.37,42.9831,chromosome 1:CM051688.1; chromosome 2:CM051689.1; chromosome 3:CM051690.1; chromosome 4:CM051691.1; chromosome 5:CM051692.1; chromosome 6:CM051693.1; chromosome 7:CM051694.1; chromosome 8:CM051695.1; chromosome 9:CM051696.1; chromosome 10:CM051697.1; chromosome 11:CM051698.1; chromosome 12:CM051699.1; chromosome 13:CM051700.1; chromosome 14:CM051701.1; chromosome 15:CM051702.1; chromosome 16:CM051703.1; chromosome 17:CM051704.1; chromosome 18:CM051705.1; chromosome 19:CM051706.1; chromosome 20:CM051707.1; chromosome 21:CM051708.1; chromosome 22:CM051709.1; chromosome 23:CM051710.1; chromosome 24:CM051711.1,JAQMIO01,109,0,2023-01-26T00:00:00Z,,
Melanostigma gelatinosum,Eukaryota;Animals;Fishes,,SAMEA12815492,PRJEB60807,GCA_949748355.1, Chromosome,661.975,41.8694,chromosome 1:OX456498.1; chromosome 2:OX456499.1; chromosome 3:OX456500.1; chromosome 4:OX456501.1; chromosome 5:OX456502.1; chromosome 6:OX456503.1; chromosome 7:OX456504.1; chromosome 8:OX456505.1; chromosome 9:OX456506.1; chromosome 10:OX456507.1; chromosome 11:OX456508.1; chromosome 12:OX456509.1; chromosome 13:OX456510.1; chromosome 14:OX456511.1; chromosome 15:OX456512.1; chromosome 16:OX456513.1; chromosome 17:OX456514.1; chromosome 18:OX456515.1; chromosome 19:OX456516.1; chromosome 20:OX456517.1; chromosome 21:OX456518.1; chromosome 22:OX456519.1; chromosome 23:OX456520.1; chromosome 24:OX456521.1; mitochondrion MT:OX456522.1,CATIYG01,534,0,2023-03-22T00:00:00Z,,
Micropterus dolomieu,Eukaryota;Animals;Fishes,WLL.071019.BEF.003,SAMN22851699,PRJNA800460,GCA_021292245.1, Chromosome,829.587,40.7581,linkage group LG01:NC_060150.1/CM037965.1; linkage group LG02:NC_060151.1/CM037966.1; linkage group LG03:NC_060152.1/CM037967.1; linkage group LG04:NC_060153.1/CM037968.1; linkage group LG05:NC_060154.1/CM037969.1; linkage group LG06:NC_060155.1/CM037970.1; linkage group LG07:NC_060156.1/CM037971.1; linkage group LG08:NC_060157.1/CM037972.1; linkage group LG09:NC_060158.1/CM037973.1; linkage group LG10:NC_060159.1/CM037974.1; linkage group LG11:NC_060160.1/CM037975.1; linkage group LG12:NC_060161.1/CM037976.1; linkage group LG13:NC_060162.1/CM037977.1; linkage group LG14:NC_060163.1/CM037978.1; linkage group LG15:NC_060164.1/CM037979.1; linkage group LG16:NC_060165.1/CM037980.1; linkage group LG17:NC_060166.1/CM037981.1; linkage group LG18:NC_060167.1/CM037982.1; linkage group LG19:NC_060168.1/CM037983.1; linkage group LG20:NC_060169.1/CM037984.1; linkage group LG21:NC_060170.1/CM037985.1; linkage group LG22:NC_060171.1/CM037986.1; linkage group LG23:NC_060172.1/CM037987.1; mitochondrion MT:NC_011361.1/,JAJNER01,15020,48260,2021-12-27T00:00:00Z,ftp://ftp.ncbi.nlm.nih.gov/genomes/all/GCA/021/292/245/GCA_021292245.1_ASM2129224v1,ftp://ftp.ncbi.nlm.nih.gov/genomes/all/GCF/021/292/245/GCF_021292245.1_ASM2129224v1
Micropterus salmoides,Eukaryota;Animals;Fishes,LMB-001,SAMN16552354,PRJNA671569,GCA_022435785.1, Chromosome,844.893,40.7734,chromosome 1:CM039532.1; chromosome 2:CM039533.1; chromosome 3:CM039534.1; chromosome 4:CM039535.1; chromosome 5:CM039536.1; chromosome 6:CM039537.1; chromosome 7:CM039538.1; chromosome 8:CM039539.1; chromosome 9:CM039540.1; chromosome 10:CM039541.1; chromosome 11:CM039542.1; chromosome 12:CM039543.1; chromosome 13:CM039544.1; chromosome 14:CM039545.1; chromosome 15:CM039546.1; chromosome 16:CM039547.1; chromosome 17:CM039548.1; chromosome 18:CM039549.1; chromosome 19:CM039550.1; chromosome 20:CM039551.1; chromosome 21:CM039552.1; chromosome 22:CM039553.1; chromosome 23:CM039554.1,JAKUMD01,144,0,2022-03-01T00:00:00Z,ftp://ftp.ncbi.nlm.nih.gov/genomes/all/GCA/022/435/785/GCA_022435785.1_ASM2243578v1,
Nibea albiflora,Eukaryota;Animals;Fishes,,SAMEA5857982,PRJEB33909,GCA_902410095.1, Chromosome,595.677,42.5379,chromosome 1:LR699024.1; chromosome 2:LR699025.1; chromosome 3:LR699026.1; chromosome 4:LR699027.1; chromosome 5:LR699028.1; chromosome 6:LR699029.1; chromosome 7:LR699030.1; chromosome 8:LR699031.1; chromosome 9:LR699032.1; chromosome 10:LR699033.1; chromosome 11:LR699034.1; chromosome 12:LR699035.1; chromosome 13:LR699036.1; chromosome 14:LR699037.1; chromosome 15:LR699038.1; chromosome 16:LR699039.1; chromosome 17:LR699040.1; chromosome 18:LR699041.1; chromosome 19:LR699042.1; chromosome 20:LR699043.1; chromosome 21:LR699044.1; chromosome 22:LR699045.1; chromosome 23:LR699046.1; chromosome 24:LR699047.1,CABPRI01,845,0,2021-01-25T00:00:00Z,ftp://ftp.ncbi.nlm.nih.gov/genomes/all/GCA/902/410/095/GCA_902410095.1_YD_2,
Nibea coibor,Eukaryota;Animals;Fishes,NC_Q27,SAMN27616902,PRJNA827677,GCA_023373845.1, Chromosome,627.628,42.251,chromosome 1:CM041716.1; chromosome 2:CM041717.1; chromosome 3:CM041718.1; chromosome 4:CM041719.1; chromosome 5:CM041720.1; chromosome 6:CM041721.1; chromosome 7:CM041722.1; chromosome 8:CM041723.1; chromosome 9:CM041724.1; chromosome 10:CM041725.1; chromosome 11:CM041726.1; chromosome 12:CM041727.1; chromosome 13:CM041728.1; chromosome 14:CM041729.1; chromosome 15:CM041730.1; chromosome 16:CM041731.1; chromosome 17:CM041732.1; chromosome 18:CM041733.1; chromosome 19:CM041734.1; chromosome 20:CM041735.1; chromosome 21:CM041736.1; chromosome 22:CM041737.1; chromosome 23:CM041738.1; chromosome 24:CM041739.1; mitochondrion MT:CM041792.1,JALLKU01,230,0,2022-05-16T00:00:00Z,ftp://ftp.ncbi.nlm.nih.gov/genomes/all/GCA/023/373/845/GCA_023373845.1_ASM2337384v1,
Notolabrus celidotus,Eukaryota;Animals;Fishes,fNotCel1,SAMN12623201,PRJNA634114,GCA_009762535.1, Chromosome,846.744,41.0106,chromosome 1:NC_048272.1/CM019771.1; chromosome 2:NC_048273.1/CM019772.1; chromosome 3:NC_048274.1/CM019773.1; chromosome 4:NC_048275.1/CM019774.1; chromosome 5:NC_048276.1/CM019775.1; chromosome 6:NC_048277.1/CM019776.1; chromosome 7:NC_048278.1/CM019777.1; chromosome 8:NC_048279.1/CM019778.1; chromosome 9:NC_048280.1/CM019779.1; chromosome 10:NC_048281.1/CM019780.1; chromosome 11:NC_048282.1/CM019781.1; chromosome 12:NC_048283.1/CM019782.1; chromosome 13:NC_048284.1/CM019783.1; chromosome 14:NC_048285.1/CM019784.1; chromosome 15:NC_048286.1/CM019785.1; chromosome 16:NC_048287.1/CM019786.1; chromosome 17:NC_048288.1/CM019787.1; chromosome 18:NC_048289.1/CM019788.1; chromosome 19:NC_048290.1/CM019789.1; chromosome 20:NC_048291.1/CM019790.1; chromosome 21:NC_048292.1/CM019791.1; chromosome 22:NC_048293.1/CM019792.1; chromosome 23:NC_048294.1/CM019793.1; chromosome 24:NC_048295.1/CM019794.1; mitochondrion MT:CM019797.1,WOTL01,467,39434,2019-12-17T00:00:00Z,,ftp://ftp.ncbi.nlm.nih.gov/genomes/all/GCF/009/762/535/GCF_009762535.1_fNotCel1.pri
Notothenia rossii,Eukaryota;Animals;Fishes,,SAMEA12815441,PRJEB60487,GCA_949606895.1, Chromosome,1042.91,41.4506,chromosome 1:OX449111.1; chromosome 2:OX449112.1; chromosome 3:OX449113.1; chromosome 4:OX449114.1; chromosome 5:OX449115.1; chromosome 6:OX449116.1; chromosome 7:OX449117.1; chromosome 8:OX449118.1; chromosome 9:OX449119.1; chromosome 10:OX449120.1; chromosome 11:OX449121.1; chromosome 12:OX449122.1; mitochondrion MT:OX449123.1,CATIUV01,943,0,2023-03-10T00:00:00Z,,
Pao palembangensis,Eukaryota;Animals;Fishes,TQD1807000160,SAMN15098013,PRJNA597275,GCA_015343265.1, Chromosome,356.042,44.4501,chromosome 1:CM027081.1; chromosome 2:CM027082.1; chromosome 3:CM027083.1; chromosome 4:CM027084.1; chromosome 5:CM027085.1; chromosome 6:CM027086.1; chromosome 7:CM027087.1; chromosome 8:CM027088.1; chromosome 9:CM027089.1; chromosome 10:CM027090.1; chromosome 11:CM027091.1; chromosome 12:CM027092.1; chromosome 13:CM027093.1; chromosome 14:CM027094.1; chromosome 15:CM027095.1; chromosome 16:CM027096.1; chromosome 17:CM027097.1; chromosome 18:CM027098.1,JABWDL01,5053,0,2020-11-10T00:00:00Z,ftp://ftp.ncbi.nlm.nih.gov/genomes/all/GCA/015/343/265/GCA_015343265.1_ASM1534326v1,
Perca flavescens,Eukaryota;Animals;Fishes,YP-PL-M2,SAMN10722690,PRJNA529871,GCA_004354835.1, Chromosome,877.456,40.8426,chromosome 1:NC_041331.1/CM014935.1; chromosome 2:NC_041332.1/CM014936.1; chromosome 3:NC_041333.1/CM014937.1; chromosome 4:NC_041334.1/CM014938.1; chromosome 5:NC_041335.1/CM014939.1; chromosome 6:NC_041336.1/CM014940.1; chromosome 7:NC_041337.1/CM014941.1; chromosome 8:NC_041338.1/CM014942.1; chromosome 9:NC_041339.1/CM014943.1; chromosome 10:NC_041340.1/CM014944.1; chromosome 11:NC_041341.1/CM014945.1; chromosome 12:NC_041342.1/CM014946.1; chromosome 13:NC_041343.1/CM014947.1; chromosome 14:NC_041344.1/CM014948.1; chromosome 15:NC_041345.1/CM014949.1; chromosome 16:NC_041346.1/CM014950.1; chromosome 17:NC_041347.1/CM014951.1; chromosome 18:NC_041348.1/CM014952.1; chromosome 19:NC_041349.1/CM014953.1; chromosome 20:NC_041350.1/CM014954.1; chromosome 21:NC_041351.1/CM014955.1; chromosome 22:NC_041352.1/CM014956.1; chromosome 23:NC_041353.1/CM014957.1; chromosome 24:NC_041354.1/CM014958.1; mitochondrion MT:NC_019572.1/,SCKG01,268,42939,2019-03-18T00:00:00Z,,ftp://ftp.ncbi.nlm.nih.gov/genomes/all/GCF/004/354/835/GCF_004354835.1_PFLA_1.0
Perca fluviatilis,Eukaryota;Animals;Fishes,,SAMN12071746,PRJNA703996,GCA_010015445.1, Chromosome,951.346,40.9071,chromosome 1:NC_053112.1/CM020909.1; chromosome 2:NC_053113.1/CM020910.1; chromosome 3:NC_053114.1/CM020911.1; chromosome 4:NC_053115.1/CM020912.1; chromosome 5:NC_053116.1/CM020913.1; chromosome 6:NC_053117.1/CM020914.1; chromosome 7:NC_053118.1/CM020915.1; chromosome 8:NC_053119.1/CM020916.1; chromosome 9:NC_053120.1/CM020917.1; chromosome 10:NC_053121.1/CM020918.1; chromosome 11:NC_053122.1/CM020919.1; chromosome 12:NC_053123.1/CM020920.1; chromosome 13:NC_053124.1/CM020921.1; chromosome 14:NC_053125.1/CM020922.1; chromosome 15:NC_053126.1/CM020923.1; chromosome 16:NC_053127.1/CM020924.1; chromosome 17:NC_053128.1/CM020925.1; chromosome 18:NC_053129.1/CM020926.1; chromosome 19:NC_053130.1/CM020927.1; chromosome 20:NC_053131.1/CM020928.1; chromosome 21:NC_053132.1/CM020929.1; chromosome 22:NC_053133.1/CM020930.1; chromosome 23:NC_053134.1/CM020931.1; chromosome 24:NC_053135.1/CM020932.1; mitochondrion MT:CM020933.1,VHII01,303,49934,2020-01-30T00:00:00Z,ftp://ftp.ncbi.nlm.nih.gov/genomes/all/GCA/010/015/445/GCA_010015445.1_GENO_Pfluv_1.0,ftp://ftp.ncbi.nlm.nih.gov/genomes/all/GCF/010/015/445/GCF_010015445.1_GENO_Pfluv_1.0
Perca schrenkii,Eukaryota;Animals;Fishes,PSM8,SAMN15143703,PRJNA637487,GCA_025617405.1, Chromosome,908.14,41.036,chromosome 1:CM046787.1; chromosome 2:CM046788.1; chromosome 3:CM046789.1; chromosome 4:CM046790.1; chromosome 5:CM046791.1; chromosome 6:CM046792.1; chromosome 7:CM046793.1; chromosome 8:CM046794.1; chromosome 9:CM046795.1; chromosome 10:CM046796.1; chromosome 11:CM046797.1; chromosome 12:CM046798.1; chromosome 13:CM046799.1; chromosome 14:CM046800.1; chromosome 15:CM046801.1; chromosome 16:CM046802.1; chromosome 17:CM046803.1; chromosome 18:CM046804.1; chromosome 19:CM046805.1; chromosome 20:CM046806.1; chromosome 21:CM046807.1; chromosome 22:CM046808.1; chromosome 23:CM046809.1; chromosome 24:CM046810.1,JABUOV01,1258,0,2022-10-07T00:00:00Z,,
Pholis gunnellus,Eukaryota;Animals;Fishes,,SAMEA7522838,PRJEB45449,GCA_910591455.2, Chromosome,588.697,42.307,chromosome 1:OU342804.1; chromosome 2:OU342812.1; chromosome 3:OU342805.1; chromosome 4:OU342806.1; chromosome 5:OU342807.1; chromosome 6:OU342808.1; chromosome 7:OU342809.1; chromosome 8:OU342810.1; chromosome 9:OU342811.1; chromosome 10:OU342813.1; chromosome 11:OU342814.1; chromosome 12:OU342815.1; chromosome 13:OU342816.1; chromosome 14:OU342817.1; chromosome 15:OU342818.1; chromosome 16:OU342819.1; chromosome 17:OU342820.1; chromosome 18:OU342821.1; chromosome 19:OU342822.1; chromosome 20:OU342823.1; chromosome 21:OU342824.1; chromosome 22:OU342825.1; chromosome 23:OU342826.1; chromosome 24:OU342827.1; mitochondrion MT:OU342828.1,CAJUXR02,101,0,2021-07-06T00:00:00Z,ftp://ftp.ncbi.nlm.nih.gov/genomes/all/GCA/910/591/455/GCA_910591455.2_fPhoGun1.2,
Plectropomus leopardus,Eukaryota;Animals;Fishes,,SAMD00199277,PRJDB9154,GCA_011397275.1, Chromosome,787.6,39.5722,chromosome 1:AP022700.1; chromosome 2:AP022701.1; chromosome 3:AP022702.1; chromosome 4:AP022703.1; chromosome 5:AP022704.1; chromosome 6:AP022705.1; chromosome 7:AP022706.1; chromosome 8:AP022707.1; chromosome 9:AP022708.1; chromosome 10:AP022709.1; chromosome 11:AP022710.1; chromosome 12:AP022711.1; chromosome 13:AP022712.1; chromosome 14:AP022713.1; chromosome 15:AP022714.1; chromosome 16:AP022715.1; chromosome 17:AP022716.1; chromosome 18:AP022717.1; chromosome 19:AP022718.1; chromosome 20:AP022719.1; chromosome 21:AP022720.1; chromosome 22:AP022721.1; chromosome 23:AP022722.1; chromosome 24:AP022723.1,,110,0,2020-02-20T23:07:00Z,ftp://ftp.ncbi.nlm.nih.gov/genomes/all/GCA/011/397/275/GCA_011397275.1_Pleo_1.0,
Protonibea diacanthus,Eukaryota;Animals;Fishes,BC1,SAMN14179945,PRJNA608639,GCA_028641955.1, Chromosome,635.689,41.4457,chromosome 1:CM053976.1; chromosome 2:CM053977.1; chromosome 3:CM053978.1; chromosome 4:CM053979.1; chromosome 5:CM053980.1; chromosome 6:CM053981.1; chromosome 7:CM053982.1; chromosome 8:CM053983.1; chromosome 9:CM053984.1; chromosome 10:CM053985.1; chromosome 11:CM053986.1; chromosome 12:CM053987.1; chromosome 13:CM053988.1; chromosome 14:CM053989.1; chromosome 15:CM053990.1; chromosome 16:CM053991.1; chromosome 17:CM053992.1; chromosome 18:CM053993.1; chromosome 19:CM053994.1; chromosome 20:CM053995.1; chromosome 21:CM053996.1; chromosome 22:CM053997.1; chromosome 23:CM053998.1; chromosome 24:CM053999.1,JAATJX01,19703,0,2023-02-14T00:00:00Z,,
Pseudochaenichthys georgianus,Eukaryota;Animals;Fishes,,SAMEA104132832,PRJEB37648,GCA_902827115.1, Chromosome,1026.1,42.0763,chromosome 1:NC_047503.1/LR792546.1; chromosome 2:NC_047504.1/LR792547.1; chromosome 3:NC_047505.1/LR792548.1; chromosome 4:NC_047506.1/LR792549.1; chromosome 5:NC_047507.1/LR792550.1; chromosome 6:NC_047508.1/LR792551.1; chromosome 7:NC_047509.1/LR792552.1; chromosome 8:NC_047510.1/LR792553.1; chromosome 9:NC_047511.1/LR792554.1; chromosome 10:NC_047512.1/LR792555.1; chromosome 11:NC_047513.1/LR792556.1; chromosome 12:NC_047514.1/LR792557.1; chromosome 13:NC_047515.1/LR792558.1; chromosome 14:NC_047516.1/LR792559.1; chromosome 15:NC_047517.1/LR792560.1; chromosome 16:NC_047518.1/LR792561.1; chromosome 17:NC_047519.1/LR792562.1; chromosome 18:NC_047520.1/LR792563.1; chromosome 19:NC_047521.1/LR792564.1; chromosome 20:NC_047522.1/LR792565.1; chromosome 21:NC_047523.1/LR792566.1; chromosome 22:NC_047524.1/LR792567.1; chromosome 23:NC_047525.1/LR792568.1; chromosome 24:NC_047526.1/LR792569.1,CADEHP01,1563,37944,2020-04-10T00:00:00Z,ftp://ftp.ncbi.nlm.nih.gov/genomes/all/GCA/902/827/115/GCA_902827115.1_fPseGeo1.1,ftp://ftp.ncbi.nlm.nih.gov/genomes/all/GCF/902/827/115/GCF_902827115.1_fPseGeo1.1
Pseudoliparis swirei,Eukaryota;Animals;Fishes,HS2019,SAMN29358067,PRJNA975888,GCA_029220125.1, Chromosome,626.456,43.8074,chromosome 1:CM055212.1; chromosome 2:CM055213.1; chromosome 3:CM055214.1; chromosome 4:CM055215.1; chromosome 5:CM055216.1; chromosome 6:CM055217.1; chromosome 7:CM055218.1; chromosome 8:CM055219.1; chromosome 9:CM055220.1; chromosome 10:CM055221.1; chromosome 11:CM055222.1; chromosome 12:CM055223.1; chromosome 13:CM055224.1; chromosome 14:CM055225.1; chromosome 15:CM055226.1; chromosome 16:CM055227.1; chromosome 17:CM055228.1; chromosome 18:CM055229.1; chromosome 19:CM055230.1; chromosome 20:CM055231.1; chromosome 21:CM055232.1; chromosome 22:CM055233.1; chromosome 23:CM055234.1; chromosome 24:CM055235.1; mitochondrion:NC_063120.1/,JANBZZ01,200,13,2023-03-15T00:00:00Z,,ftp://ftp.ncbi.nlm.nih.gov/genomes/all/GCF/029/220/125/GCF_029220125.1_NWPU_hadal_v1
Pungitius pungitius,Eukaryota;Animals;Fishes,,SAMEA11296545,PRJEB60134,GCA_949316345.1, Chromosome,480.451,44.1189,chromosome 1:OX438541.1; chromosome 2:OX438542.1; chromosome 3:OX438543.1; chromosome 4:OX438544.1; chromosome 5:OX438545.1; chromosome 6:OX438546.1; chromosome 7:OX438547.1; chromosome 8:OX438548.1; chromosome 9:OX438549.1; chromosome 10:OX438550.1; chromosome 11:OX438551.1; chromosome 12:OX438552.1; chromosome 13:OX438553.1; chromosome 14:OX438554.1; chromosome 15:OX438555.1; chromosome 16:OX438556.1; chromosome 17:OX438557.1; chromosome 18:OX438558.1; chromosome 19:OX438559.1; chromosome 20:OX438560.1; chromosome 21:OX438561.1; mitochondrion MT:OX438562.1,CASGFK01,175,0,2023-02-23T00:00:00Z,,
Sander lucioperca,Eukaryota;Animals;Fishes,DD20220317a,SAMN26747300,PRJNA817089,GCA_023718385.1, Chromosome,898.255,40.8878,chromosome 1:CM043380.1; chromosome 2:CM043381.1; chromosome 3:CM043382.1; chromosome 4:CM043383.1; chromosome 5:CM043384.1; chromosome 6:CM043385.1; chromosome 7:CM043386.1; chromosome 8:CM043387.1; chromosome 9:CM043388.1; chromosome 10:CM043389.1; chromosome 11:CM043390.1; chromosome 12:CM043391.1; chromosome 13:CM043392.1; chromosome 14:CM043393.1; chromosome 15:CM043394.1; chromosome 16:CM043395.1; chromosome 17:CM043396.1; chromosome 18:CM043397.1; chromosome 19:CM043398.1; chromosome 20:CM043399.1; chromosome 21:CM043400.1; chromosome 22:CM043401.1; chromosome 23:CM043402.1; chromosome 24:CM043403.1,JALIGQ01,210,0,2022-06-14T00:00:00Z,ftp://ftp.ncbi.nlm.nih.gov/genomes/all/GCA/023/718/385/GCA_023718385.1_ASM2371838v1,
Scatophagus argus,Eukaryota;Animals;Fishes,fScaArg1,SAMN12623616,PRJNA776026,GCA_020382885.1, Chromosome,570.802,41.5077,chromosome 1:NC_058493.1/CM035567.1; chromosome 2:NC_058494.1/CM035568.1; chromosome 3:NC_058495.1/CM035569.1; chromosome 4:NC_058496.1/CM035570.1; chromosome 5:NC_058497.1/CM035571.1; chromosome 6:NC_058498.1/CM035572.1; chromosome 7:NC_058499.1/CM035573.1; chromosome 8:NC_058500.1/CM035574.1; chromosome 9:NC_058501.1/CM035575.1; chromosome 10:NC_058502.1/CM035576.1; chromosome 11:NC_058503.1/CM035577.1; chromosome 12:NC_058504.1/CM035578.1; chromosome 13:NC_058505.1/CM035579.1; chromosome 14:NC_058506.1/CM035580.1; chromosome 15:NC_058507.1/CM035581.1; chromosome 16:NC_058508.1/CM035582.1; chromosome 17:NC_058509.1/CM035583.1; chromosome 18:NC_058510.1/CM035584.1; chromosome 19:NC_058511.1/CM035585.1; chromosome 20:NC_058512.1/CM035586.1; chromosome 21:NC_058513.1/CM035587.1; chromosome 22:NC_058514.1/CM035588.1; chromosome 23:NC_058515.1/CM035589.1; chromosome 24:NC_058516.1/CM035590.1; mitochondrion MT:NC_059324.1/CM035598.1,JAIZDN01,48,48218,2021-10-07T00:00:00Z,ftp://ftp.ncbi.nlm.nih.gov/genomes/all/GCA/020/382/885/GCA_020382885.1_fScaArg1.pri,ftp://ftp.ncbi.nlm.nih.gov/genomes/all/GCF/020/382/885/GCF_020382885.2_fScaArg1.pri
Sciaenops ocellatus,Eukaryota;Animals;Fishes,XU1910,SAMN13064845,PRJNA578506,GCA_014183145.1, Chromosome,684.634,41.2506,chromosome 1:CM024387.1; chromosome 2:CM024388.1; chromosome 3:CM024389.1; chromosome 4:CM024390.1; chromosome 5:CM024391.1; chromosome 6:CM024392.1; chromosome 7:CM024393.1; chromosome 8:CM024394.1; chromosome 9:CM024395.1; chromosome 10:CM024396.1; chromosome 11:CM024397.1; chromosome 12:CM024398.1; chromosome 13:CM024399.1; chromosome 14:CM024400.1; chromosome 15:CM024401.1; chromosome 16:CM024402.1; chromosome 17:CM024403.1; chromosome 18:CM024404.1; chromosome 19:CM024405.1; chromosome 20:CM024406.1; chromosome 21:CM024407.1; chromosome 22:CM024408.1; chromosome 23:CM024409.1; chromosome 24:CM024410.1,WIRC01,34462,0,2020-08-13T00:00:00Z,ftp://ftp.ncbi.nlm.nih.gov/genomes/all/GCA/014/183/145/GCA_014183145.1_ASM1418314v1,
Scortum barcoo,Eukaryota;Animals;Fishes,CB-2022,SAMN25186351,PRJNA799681,GCA_023238725.1, Chromosome,657.95,41.2064,chromosome 1:CM041531.1; chromosome 2:CM041532.1; chromosome 3:CM041533.1; chromosome 4:CM041534.1; chromosome 5:CM041535.1; chromosome 6:CM041536.1; chromosome 7:CM041537.1; chromosome 8:CM041538.1; chromosome 9:CM041539.1; chromosome 10:CM041540.1; chromosome 11:CM041541.1; chromosome 12:CM041542.1; chromosome 13:CM041543.1; chromosome 14:CM041544.1; chromosome 15:CM041545.1; chromosome 16:CM041546.1; chromosome 17:CM041547.1; chromosome 18:CM041548.1; chromosome 19:CM041549.1; chromosome 20:CM041550.1; chromosome 21:CM041551.1; chromosome 22:CM041552.1; chromosome 23:CM041553.1; chromosome 24:CM041554.1,JAKKUS01,1258,53810,2022-05-02T00:00:00Z,ftp://ftp.ncbi.nlm.nih.gov/genomes/all/GCA/023/238/725/GCA_023238725.1_ASM2323872v1,
Sebastes schlegelii,Eukaryota;Animals;Fishes,QAU-006,SAMN10781578,PRJNA516036,GCA_014673565.1, Chromosome,848.025,40.9412,chromosome 1:CM025825.1; chromosome 2:CM025826.1; chromosome 3:CM025827.1; chromosome 4:CM025828.1; chromosome 5:CM025829.1; chromosome 6:CM025830.1; chromosome 7:CM025831.1; chromosome 8:CM025832.1; chromosome 9:CM025833.1; chromosome 10:CM025834.1; chromosome 11:CM025835.1; chromosome 12:CM025836.1; chromosome 13:CM025837.1; chromosome 14:CM025838.1; chromosome 15:CM025839.1; chromosome 16:CM025840.1; chromosome 17:CM025841.1; chromosome 18:CM025842.1; chromosome 19:CM025843.1; chromosome 20:CM025844.1; chromosome 21:CM025845.1; chromosome 22:CM025846.1; chromosome 23:CM025847.1; chromosome 24:CM025848.1,VHQL01,1663,0,2020-08-31T00:00:00Z,ftp://ftp.ncbi.nlm.nih.gov/genomes/all/GCA/014/673/565/GCA_014673565.1_ASM1467356v1,
Sebastes umbrosus,Eukaryota;Animals;Fishes,fSebUmb1,SAMN12629503,PRJNA675852,GCA_015220745.1, Chromosome,800.904,40.7762,chromosome 1:NC_051269.1/CM026752.1; chromosome 2:NC_051270.1/CM026753.1; chromosome 3:NC_051271.1/CM026754.1; chromosome 4:NC_051272.1/CM026755.1; chromosome 5:NC_051273.1/CM026756.1; chromosome 6:NC_051274.1/CM026757.1; chromosome 7:NC_051275.1/CM026758.1; chromosome 8:NC_051276.1/CM026759.1; chromosome 9:NC_051277.1/CM026760.1; chromosome 10:NC_051278.1/CM026761.1; chromosome 11:NC_051279.1/CM026762.1; chromosome 12:NC_051280.1/CM026763.1; chromosome 13:NC_051281.1/CM026764.1; chromosome 14:NC_051282.1/CM026765.1; chromosome 15:NC_051283.1/CM026766.1; chromosome 16:NC_051284.1/CM026767.1; chromosome 17:NC_051285.1/CM026768.1; chromosome 18:NC_051286.1/CM026769.1; chromosome 19:NC_051287.1/CM026770.1; chromosome 20:NC_051288.1/CM026771.1; chromosome 21:NC_051289.1/CM026772.1; chromosome 22:NC_051290.1/CM026773.1; chromosome 23:NC_051291.1/CM026774.1; chromosome 24:NC_051292.1/CM026775.1; mitochondrion MT:CM026822.1,JADCQQ01,138,50695,2020-11-02T00:00:00Z,ftp://ftp.ncbi.nlm.nih.gov/genomes/all/GCA/015/220/745/GCA_015220745.1_fSebUmb1.pri,ftp://ftp.ncbi.nlm.nih.gov/genomes/all/GCF/015/220/745/GCF_015220745.1_fSebUmb1.pri
Siniperca chuatsi,Eukaryota;Animals;Fishes,GU_2022b,SAMN31445613,PRJNA867131,GCA_027580155.1, Chromosome,716.348,40.3735,chromosome 1:CM050864.1; chromosome 2:CM050865.1; chromosome 3:CM050866.1; chromosome 4:CM050867.1; chromosome 5:CM050868.1; chromosome 6:CM050869.1; chromosome 7:CM050870.1; chromosome 8:CM050871.1; chromosome 9:CM050872.1; chromosome 10:CM050873.1; chromosome 11:CM050874.1; chromosome 12:CM050875.1; chromosome 13:CM050876.1; chromosome 14:CM050877.1; chromosome 15:CM050878.1; chromosome 16:CM050879.1; chromosome 17:CM050880.1; chromosome 18:CM050881.1; chromosome 19:CM050882.1; chromosome 20:CM050883.1; chromosome 21:CM050884.1; chromosome 22:CM050885.1; chromosome 23:CM050886.1; chromosome 24:CM050887.1,JAPFEY01,191,0,2023-01-06T00:00:00Z,,
Siniperca knerii,Eukaryota;Animals;Fishes,DM1B,SAMN13269088,PRJNA513951,GCA_011952075.1, Chromosome,723.564,40.4886,linkage group LG1:CM022419.1; linkage group LG2:CM022420.1; linkage group LG3:CM022421.1; linkage group LG4:CM022422.1; linkage group LG5:CM022423.1; linkage group LG6:CM022424.1; linkage group LG7:CM022425.1; linkage group LG8:CM022426.1; linkage group LG9:CM022427.1; linkage group LG10:CM022428.1; linkage group LG11:CM022429.1; linkage group LG12:CM022430.1; linkage group LG13:CM022431.1; linkage group LG14:CM022432.1; linkage group LG15:CM022433.1; linkage group LG16:CM022434.1; linkage group LG17:CM022435.1; linkage group LG18:CM022436.1; linkage group LG19:CM022437.1; linkage group LG20:CM022438.1; linkage group LG21:CM022439.1; linkage group LG22:CM022440.1; linkage group LG23:CM022441.1; linkage group LG24:CM022442.1,WNGU01,1844,0,2020-04-03T00:00:00Z,ftp://ftp.ncbi.nlm.nih.gov/genomes/all/GCA/011/952/075/GCA_011952075.1_sinKne6b,
Siniperca scherzeri,Eukaryota;Animals;Fishes,GU_2022a,SAMN30201442,PRJNA867131,GCA_027580175.1, Chromosome,740.538,40.5269,chromosome 1:CM050840.1; chromosome 2:CM050841.1; chromosome 3:CM050842.1; chromosome 4:CM050843.1; chromosome 5:CM050844.1; chromosome 6:CM050845.1; chromosome 7:CM050846.1; chromosome 8:CM050847.1; chromosome 9:CM050848.1; chromosome 10:CM050849.1; chromosome 11:CM050850.1; chromosome 12:CM050851.1; chromosome 13:CM050852.1; chromosome 14:CM050853.1; chromosome 15:CM050854.1; chromosome 16:CM050855.1; chromosome 17:CM050856.1; chromosome 18:CM050857.1; chromosome 19:CM050858.1; chromosome 20:CM050859.1; chromosome 21:CM050860.1; chromosome 22:CM050861.1; chromosome 23:CM050862.1; chromosome 24:CM050863.1,JAPFEX01,251,0,2023-01-06T00:00:00Z,,
Sparus aurata,Eukaryota;Animals;Fishes,M197-DHL199-FB,SAMN09603368,PRJNA416845,GCA_003309015.1, Chromosome,830.382,41.5049,linkage group LG01:CM010253.1; linkage group LG02:CM010254.1; linkage group LG03:CM010255.1; linkage group LG04:CM010256.1; linkage group LG05:CM010257.1; linkage group LG06:CM010258.1; linkage group LG07:CM010259.1; linkage group LG08:CM010260.1; linkage group LG09:CM010261.1; linkage group LG10:CM010262.1; linkage group LG11:CM010263.1; linkage group LG12:CM010264.1; linkage group LG13:CM010265.1; linkage group LG14:CM010266.1; linkage group LG15:CM010267.1; linkage group LG16:CM010268.1; linkage group LG17:CM010269.1; linkage group LG18:CM010270.1; linkage group LG19:CM010271.1; linkage group LG20:CM010272.1; linkage group LG21:CM010273.1; linkage group LG22:CM010274.1; linkage group LG23:CM010275.1; linkage group LG24:CM010276.1,PQWN01,34642,0,2018-07-10T00:00:00Z,,
Symphodus melops,Eukaryota;Animals;Fishes,,SAMEA12219485,PRJEB58352,GCA_947650265.1, Chromosome,636.368,41.8222,chromosome 1:OX393525.1; chromosome 2:OX393526.1; chromosome 3:OX393527.1; chromosome 4:OX393528.1; chromosome 5:OX393529.1; chromosome 6:OX393530.1; chromosome 7:OX393531.1; chromosome 8:OX393532.1; chromosome 9:OX393533.1; chromosome 10:OX393534.1; chromosome 11:OX393535.1; chromosome 12:OX393536.1; chromosome 13:OX393537.1; chromosome 14:OX393538.1; chromosome 15:OX393539.1; chromosome 16:OX393540.1; chromosome 17:OX393541.1; chromosome 18:OX393542.1; chromosome 19:OX393543.1; chromosome 20:OX393544.1; chromosome 21:OX393545.1; chromosome 22:OX393546.1; chromosome 23:OX393547.1; mitochondrion MT:OX393548.1,CANSXB01,395,0,2022-12-19T00:00:00Z,,
Synanceia verrucosa,Eukaryota;Animals;Fishes,HN20201214001,SAMN32986248,PRJNA930159,GCA_029721515.1, Chromosome,691.853,3.7264,chromosome 1:CM056549.1; chromosome 2:CM056550.1; chromosome 3:CM056551.1; chromosome 4:CM056552.1; chromosome 5:CM056553.1; chromosome 6:CM056554.1; chromosome 7:CM056555.1; chromosome 8:CM056556.1; chromosome 9:CM056557.1; chromosome 10:CM056558.1; chromosome 11:CM056559.1; chromosome 12:CM056560.1; chromosome 13:CM056561.1; chromosome 14:CM056562.1; chromosome 15:CM056563.1; chromosome 16:CM056564.1; chromosome 17:CM056565.1; chromosome 18:CM056566.1; chromosome 19:CM056567.1; chromosome 20:CM056568.1; chromosome 21:CM056569.1; chromosome 22:CM056570.1; chromosome 23:CM056571.1; chromosome 24:CM056572.1,JAQQSB01,1532,0,2023-04-07T00:00:00Z,,
Takifugu bimaculatus,Eukaryota;Animals;Fishes,TB-2018,SAMN10524747,PRJNA508537,GCA_004026145.2, Chromosome,404.312,45.5602,chromosome 1:CP034975.1; chromosome 2:CP034986.1; chromosome 3:CP034990.1; chromosome 4:CP034991.1; chromosome 5:CP034992.1; chromosome 6:CP034993.1; chromosome 7:CP034994.1; chromosome 8:CP034995.1; chromosome 9:CP034996.1; chromosome 10:CP034976.1; chromosome 11:CP034977.1; chromosome 12:CP034978.1; chromosome 13:CP034979.1; chromosome 14:CP034980.1; chromosome 15:CP034981.1; chromosome 16:CP034982.1; chromosome 17:CP034983.1; chromosome 18:CP034984.1; chromosome 19:CP034985.2; chromosome 20:CP034987.1; chromosome 21:CP034988.1; chromosome 22:CP034989.1,SWLE01,1158,20140,2019-01-16T00:00:00Z,,
Takifugu flavidus,Eukaryota;Animals;Fishes,HTHZ2018,SAMN10077091,PRJNA978080,GCA_003711565.2, Chromosome,366.303,45.623,chromosome 1:CM011069.1; chromosome 2:CM011070.1; chromosome 3:CM011071.1; chromosome 4:CM011072.1; chromosome 5:CM011073.1; chromosome 6:CM011074.1; chromosome 7:CM011075.1; chromosome 8:CM011076.1; chromosome 9:CM011077.1; chromosome 10:CM011078.1; chromosome 11:CM011079.1; chromosome 12:CM011080.1; chromosome 13:CM011081.1; chromosome 14:CM011082.1; chromosome 15:CM011083.1; chromosome 16:CM011084.1; chromosome 17:CM011085.1; chromosome 18:CM011086.1; chromosome 19:CM011087.2; chromosome 20:CM011088.1; chromosome 21:CM011089.1; chromosome 22:CM011090.1; mitochondrion:NC_024199.1/,RHFK02,868,29421,2018-11-05T00:00:00Z,,ftp://ftp.ncbi.nlm.nih.gov/genomes/all/GCF/003/711/565/GCF_003711565.1_ASM371156v2
Takifugu rubripes,Eukaryota;Animals;Fishes,,SAMEA104384834,PRJEB31988,GCA_901000725.2, Chromosome,384.127,45.6992,chromosome 1:NC_042285.1/LR584231.2; chromosome 2:NC_042286.1/LR584245.2; chromosome 3:NC_042287.1/LR584237.1; chromosome 4:NC_042288.1/LR584242.2; chromosome 5:NC_042289.1/LR584247.1; chromosome 6:NC_042290.1/LR584250.1; chromosome 7:NC_042291.1/LR584238.1; chromosome 8:NC_042292.1/LR584234.2; chromosome 9:NC_042293.1/LR584246.2; chromosome 10:NC_042294.1/LR584251.2; chromosome 11:NC_042295.1/LR584241.1; chromosome 12:NC_042296.1/LR584248.2; chromosome 13:NC_042297.1/LR584232.1; chromosome 14:NC_042298.1/LR584244.1; chromosome 15:NC_042299.1/LR584240.2; chromosome 16:NC_042300.1/LR584249.2; chromosome 17:NC_042301.1/LR584239.2; chromosome 18:NC_042302.1/LR584252.2; chromosome 19:NC_042303.1/LR584235.1; chromosome 20:NC_042304.1/LR584236.2; chromosome 21:NC_042305.1/LR584233.2; chromosome 22:NC_042306.1/LR584243.1; mitochondrion MT:NC_004299.1/,CAAJGN02,128,46760,2019-04-09T00:00:00Z,ftp://ftp.ncbi.nlm.nih.gov/genomes/all/GCA/901/000/725/GCA_901000725.2_fTakRub1.2,ftp://ftp.ncbi.nlm.nih.gov/genomes/all/GCF/901/000/725/GCF_901000725.2_fTakRub1.2
Taurulus bubalis,Eukaryota;Animals;Fishes,,SAMEA7522994,PRJEB45317,GCA_910589615.1, Chromosome,615.154,42.2158,chromosome 1:OU342711.1; chromosome 2:OU342712.1; chromosome 3:OU342713.1; chromosome 4:OU342714.1; chromosome 5:OU342715.1; chromosome 6:OU342716.1; chromosome 7:OU342717.1; chromosome 8:OU342718.1; chromosome 9:OU342719.1; chromosome 10:OU342720.1; chromosome 11:OU342721.1; chromosome 12:OU342722.1; chromosome 13:OU342723.1; chromosome 14:OU342724.1; chromosome 15:OU342725.1; chromosome 16:OU342726.1; chromosome 17:OU342727.1; chromosome 18:OU342728.1; chromosome 19:OU342729.1; chromosome 20:OU342730.1; chromosome 21:OU342731.1; mitochondrion MT:OU342732.1,CAJUUV01,27,0,2021-07-06T00:00:00Z,ftp://ftp.ncbi.nlm.nih.gov/genomes/all/GCA/910/589/615/GCA_910589615.1_fTauBub2.1,
Tautogolabrus adspersus,Eukaryota;Animals;Fishes,fTauAds1,SAMN22589422,PRJNA774878,GCA_020745685.1, Chromosome,723.582,41.3626,chromosome 1:CM036534.1; chromosome 2:CM036535.1; chromosome 3:CM036536.1; chromosome 4:CM036537.1; chromosome 5:CM036538.1; chromosome 6:CM036539.1; chromosome 7:CM036540.1; chromosome 8:CM036541.1; chromosome 9:CM036542.1; chromosome 10:CM036543.1; chromosome 11:CM036544.1; chromosome 12:CM036545.1; chromosome 13:CM036546.1; chromosome 14:CM036547.1; chromosome 15:CM036548.1; chromosome 16:CM036549.1; chromosome 17:CM036550.1; chromosome 18:CM036551.1; chromosome 19:CM036552.1; chromosome 20:CM036553.1; chromosome 21:CM036554.1; chromosome 22:CM036555.1; chromosome 23:CM036556.1; chromosome 24:CM036557.1; mitochondrion MT:CM036584.1,JAJGRF01,64,0,2021-11-05T00:00:00Z,ftp://ftp.ncbi.nlm.nih.gov/genomes/all/GCA/020/745/685/GCA_020745685.1_fTauAds1.pri.cur,
Thamnaconus septentrionalis,Eukaryota;Animals;Fishes,,SAMN12753623,PRJNA565600,GCA_009823395.1, Chromosome,474.31,45.6356,chromosome 1:CM020501.1; chromosome 2:CM020502.1; chromosome 3:CM020503.1; chromosome 4:CM020504.1; chromosome 5:CM020505.1; chromosome 6:CM020506.1; chromosome 7:CM020507.1; chromosome 8:CM020508.1; chromosome 9:CM020509.1; chromosome 10:CM020510.1; chromosome 11:CM020511.1; chromosome 12:CM020512.1; chromosome 13:CM020513.1; chromosome 14:CM020514.1; chromosome 15:CM020515.1; chromosome 16:CM020516.1; chromosome 17:CM020517.1; chromosome 18:CM020518.1; chromosome 19:CM020519.1; chromosome 20:CM020520.1,WFAA01,155,0,2019-12-31T00:00:00Z,,
Zingel zingel,Eukaryota;Animals;Fishes,DD20220124a_f,SAMN25211113,PRJNA799871,GCA_023566125.1, Chromosome,919.353,40.133,chromosome 1:CM042314.1; chromosome 2:CM042315.1; chromosome 3:CM042316.1; chromosome 4:CM042317.1; chromosome 5:CM042318.1; chromosome 6:CM042319.1; chromosome 7:CM042320.1; chromosome 8:CM042321.1; chromosome 9:CM042322.1; chromosome 10:CM042323.1; chromosome 11:CM042324.1; chromosome 12:CM042325.1; chromosome 13:CM042326.1; chromosome 14:CM042327.1; chromosome 15:CM042328.1; chromosome 16:CM042329.1; chromosome 17:CM042330.1; chromosome 18:CM042331.1; chromosome 19:CM042332.1; chromosome 20:CM042333.1; chromosome 21:CM042334.1; chromosome 22:CM042335.1; chromosome 23:CM042336.1; chromosome 24:CM042337.1,JAKRKW01,688,0,2022-05-27T00:00:00Z,ftp://ftp.ncbi.nlm.nih.gov/genomes/all/GCA/023/566/125/GCA_023566125.1_ASM2356612v1,